"rank","name","score","profession","age"
"1","Will Smith","10.00","Actor, Composer, Director, Producer, Rapper, Writer","43"
"2","Johnny Depp","9.89","Actor, Director, Producer, Singer (Cameo), Writer","49"
"2","Leonardo DiCaprio","9.89","Actor, Producer, Writer","37"
"2","Angelina Jolie","9.89","Actress, Director, Producer, Singer (Cameo)","37"
"2","Brad Pitt","9.89","Actor, Producer","48"
"6","Tom Hanks","9.87","Actor, Director, Producer, Singer (Cameo), Writer","56"
"7","George Clooney","9.81","Actor, Director, Producer, Writer","51"
"8","Denzel Washington","9.76","Actor","57"
"9","Matt Damon","9.69","Actor, Producer, Singer (Cameo), Writer","41"
"10","Jack Nicholson","9.68","Actor, Director, Producer, Singer (Cameo), Writer","75"
"11","Julia Roberts","9.65","Actress, Producer","44"
"12","Adam Sandler","9.61","Actor, Composer, Producer, Singer (Cameo), Writer","45"
"13","Tom Cruise","9.60","Actor, Director, Producer, Writer","50"
"14","Russell Crowe","9.57","Actor, Director, Musician, Producer, Singer, Writer","48"
"15","Will Ferrell","9.56","Actor, Producer, Singer (Cameo), Writer","45"
"16","Meryl Streep","9.55","Actress, Singer","63"
"17","Robert De Niro","9.54","Actor, Director, Producer","68"
"18","Ben Stiller","9.50","Actor, Director, Producer, Writer","46"
"19","Jim Carrey","9.42","Actor, Producer, Singer (Cameo), Writer","50"
"20","Clint Eastwood","9.33","Actor, Composer, Director, Producer, Writer","82"
"21","Robert Downey","9.29","Actor, Producer, Singer (Cameo), Writer","47"
"22","Nicole Kidman","9.27","Actress, Producer, Singer (Cameo)","45"
"23","Bruce Willis","9.16","Actor, Director, Musician, Producer","57"
"24","Nicolas Cage","9.02","Actor, Director, Producer, Singer (Cameo)","48"
"25","Al Pacino","9.00","Actor, Director, Producer, Writer","72"
"26","Harrison Ford","8.69","Actor, Producer","70"
"27","Keanu Reeves","8.59","Actor, Singer (Cameo)","47"
"28","Mel Gibson","8.52","Actor, Director, Producer, Singer (Cameo), Writer","56"
"29","Christian Bale","8.49","Actor, Producer, Singer (Cameo)","38"
"30","Tobey Maguire","8.48","Actor, Producer","37"
"31","John Travolta","8.47","Actor","58"
"32","Vince Vaughn","8.39","Actor","42"
"33","Shia LaBeouf","8.38","Actor, Director, Producer, Singer (Cameo), Writer","26"
"34","Reese Witherspoon","8.24","Actress, Producer","36"
"35","Jackie Chan","8.12","Actor, Director, Producer, Singer (Cameo), Writer","58"
"36","Steve Carell","8.05","Actor, Producer, Singer (Cameo), Writer","49"
"36","Daniel Day-Lewis","8.05","Actor","55"
"38","Charlize Theron","8.00","Actress","36"
"39","Cate Blanchett","7.85","Actress, Producer","43"
"40","Jodie Foster","7.78","Actor, Director, Producer, Singer (Cameo)","49"
"40","Hugh Jackman","7.78","Actor, Producer, Singer (Cameo)","43"
"40","Keira Knightley","7.78","Actress, Singer (Cameo)","27"
"40","Gwyneth Paltrow","7.78","Actress, Director, Singer (Cameo), Writer","39"
"44","Drew Barrymore","7.76","Actress, Director, Producer","37"
"44","Sean Penn","7.76","Actor, Director, Producer, Writer","51"
"46","Daniel Craig","7.73","Actor, Producer, Singer (Cameo)","44"
"47","Cameron Diaz","7.72","Actress, Model, Producer, Singer (Cameo)","39"
"48","Mark Wahlberg","7.68","Actor, Producer, Rapper, Singer (Cameo)","41"
"49","Eddie Murphy","7.66","Actor, Director, Producer, Singer (Cameo), Voice (Animated project), Writer","51"
"50","Sacha Baron Cohen","7.64","Actor, Producer, Writer","40"
"51","Kate Winslet","7.63","Actress","36"
"52","Jake Gyllenhaal","7.61","Actor, Singer (Cameo)","31"
"53","Jack Black","7.60","Actor, Composer, Producer, Writer","42"
"53","Sandra Bullock","7.60","Actress, Director, Producer, Singer (Cameo), Writer","47"
"55","Jennifer Aniston","7.58","Actress, Producer","43"
"55","Halle Berry","7.58","Actress, Fragrance, Producer","45"
"55","Hugh Grant","7.58","Actor, Singer (Cameo)","51"
"55","Matthew McConaughey","7.58","Actor, Director, Producer, Singer (Cameo), Writer","42"
"59","Robert Redford","7.56","Actor","75"
"60","Edward Norton","7.55","Actor, Director, Producer, Singer (Cameo), Writer","42"
"61","Michael Douglas","7.52","Actor, Director, Producer","67"
"62","Richard Gere","7.50","Actor, Producer, Singer (Cameo)","62"
"62","Dustin Hoffman","7.50","Actor, Director, Producer, Singer (Cameo)","74"
"62","Renee Zellweger","7.50","Actress","43"
"65","Anthony Hopkins","7.45","Actor, Director, Producer, Writer","74"
"65","Clive Owen","7.45","Actor","47"
"65","Robin Williams","7.45","Actor, Comedian","61"
"68","Hilary Swank","7.43","Actress, Producer","37"
"69","Jamie Foxx","7.42","Actor, Composer, Director, Producer, Singer, Writer","44"
"70","Woody Allen","7.39","Actor, Comedian, Director, Musician, Writer","76"
"70","Penelope Cruz","7.39","Actress, Dancer, Producer, Singer (Cameo)","38"
"72","Pierce Brosnan","7.37","Actor, Producer, Singer (Cameo)","59"
"72","Dwayne Johnson","7.37","Actor, Singer (Cameo)","40"
"72","Ashton Kutcher","7.37","Actor, Model, Producer, Singer (Cameo), Writer","34"
"75","Philip Seymour Hoffman","7.35","Actor, Producer","45"
"75","Bill Murray","7.35","Actor, Director, Producer, Singer (Cameo), Writer","61"
"77","Ben Affleck","7.34","Actor, Director, Producer, Writer","39"
"77","Scarlett Johansson","7.34","Actress, Director, Singer (Cameo)","27"
"79","Jude Law","7.29","Actor, Director, Producer, Singer (Cameo)","39"
"80","Colin Farrell","7.27","Actor, Singer (Cameo)","36"
"80","Anne Hathaway","7.27","Actress, Singer (Cameo)","29"
"80","Kate Hudson","7.27","Actress, Director, Producer, Singer (Cameo), Writer","33"
"80","Mike Myers","7.27","Actor, Producer, Singer (Cameo), Writer","49"
"80","Natalie Portman","7.27","Actress, Director, Producer, Singer (Cameo), Writer","31"
"85","Seth Rogen","7.24","Actor, Producer, Writer","30"
"85","Owen Wilson","7.24","Actor","43"
"85","Catherine Zeta-Jones","7.24","Actress","42"
"88","Samuel L. Jackson","7.23","Actor, Producer, Singer (Cameo)","63"
"88","James McAvoy","7.23","Actor","33"
"90","Tommy Lee Jones","7.19","Actor, Director, Producer, Singer (Cameo), Writer","65"
"90","Forest Whitaker","7.19","Actor","51"
"92","Tyler Perry","7.18","Actor, Composer, Director, Producer, Writer","42"
"93","Steve Martin","7.17","Actor, Director, Producer, Singer (Cameo), Writer","66"
"94","Javier Bardem","7.16","Actor, Producer","43"
"94","Viggo Mortensen","7.16","Actor, Singer (Cameo)","53"
"96","Helen Mirren","7.15","Actress, Director, Producer, Singer (Cameo)","67"
"96","Kevin Spacey","7.15","Actor","62"
"98","Jennifer Lopez","7.14","Actress, Musician, Producer","43"
"98","Uma Thurman","7.14","Actress","42"
"100","Naomi Watts","7.13","Actress","43"
"101","Kevin Costner","7.11","Actor, Director, Musician, Producer, Singer","57"
"102","Eric Bana","7.08","Actor, Producer, Writer","43"
"103","Sarah Jessica Parker","7.06","Actress, Producer, Singer (Cameo)","47"
"104","Joaquin Phoenix","7.01","Actor, Musician, Producer, Rapper","37"
"105","Ewan McGregor","6.99","Actor, Director, Producer, Singer (Cameo)","41"
"106","John Cusack","6.98","Actor, Producer, Writer","46"
"106","Jet Li","6.98","Actor, Director, Producer, Writer","49"
"108","Jessica Alba","6.97","Actress","31"
"108","Michelle Pfeiffer","6.97","Actress, Producer, Singer (Cameo)","54"
"110","Demi Moore","6.94","Actress, Director, Producer, Singer (Cameo)","49"
"111","Dennis Quaid","6.93","Actor, Director, Producer, Singer (Cameo), Writer","58"
"111","Sylvester Stallone","6.93","Actor","66"
"113","Brendan Fraser","6.92","Actor, Producer, Singer (Cameo)","43"
"114","Kate Beckinsale","6.88","Actress","39"
"114","Jennifer Garner","6.88","Actress, Director, Producer","40"
"114","Julianne Moore","6.88","Actress, Producer","51"
"114","Rachel Weisz","6.88","Actress","41"
"118","Katherine Heigl","6.86","Actress, Producer","33"
"119","Morgan Freeman","6.85","Actor, Producer, Singer (Cameo)","75"
"120","Liam Neeson","6.82","Actor","60"
"121","Rachel McAdams","6.80","Actress, Singer (Cameo)","33"
"122","Martin Lawrence","6.79","Actor, Director, Producer, Singer (Cameo), Writer","47"
"123","Salma Hayek","6.75","Actress, Director, Producer, Singer (Cameo)","45"
"124","Jennifer Connelly","6.74","Actress","41"
"125","Paul Giamatti","6.73","Actor, Producer, Singer (Cameo)","45"
"126","Emma Thompson","6.67","Actress","53"
"127","Antonio Banderas","6.66","Actor, Director, Musician, Producer, Voice (Animated project)","51"
"128","Orlando Bloom","6.65","Actor, Producer","35"
"128","Susan Sarandon","6.65","Actress, Producer, Singer (Cameo)","65"
"130","Don Cheadle","6.64","Actor, Producer, Singer (Cameo)","47"
"130","Kiefer Sutherland","6.64","Actor","45"
"132","Tim Robbins","6.60","Actor, Director, Producer, Singer (Cameo), Writer","53"
"132","Billy Bob Thornton","6.60","Actor, Musician, Writer","56"
"134","Ice Cube","6.57","Actor, Composer, Director, Producer, Rapper, Singer (Cameo), Writer","43"
"134","Benicio Del Toro","6.57","Actor, Director, Producer, Writer","45"
"134","Kirsten Dunst","6.57","Actress, Director, Singer (Cameo), Writer","30"
"134","Diane Lane","6.57","Actress","47"
"138","Vin Diesel","6.56","Actor, Director, Producer, Writer","45"
"139","Ricky Gervais","6.53","Actor, Comedian, Director, Producer, Writer","51"
"139","Jason Statham","6.53","Actor","39"
"141","Tim Allen","6.52","Actor, Comedian, Producer","59"
"142","Josh Brolin","6.49","Actor, Director, Producer, Writer","44"
"143","Queen Latifah (Dana Elaine Owens)","6.45","Actress, Producer, Rapper, Singer","42"
"144","Robert Duvall","6.42","Actor, Director, Producer, Singer (Cameo), Writer","81"
"145","Ethan Hawke","6.37","Actor, Director, Singer (Cameo), Writer","41"
"146","Matthew Broderick","6.36","Actor, Director, Producer, Singer (Cameo), Stage Performer (Musical), Writer","50"
"147","Diane Keaton","6.34","Actress, Director, Producer, Singer (Cameo), Writer","66"
"148","Michael Cera","6.33","Actor, Director, Producer, Singer (Cameo), Writer","24"
"149","Ryan Gosling","6.32","Actor, Musician, Producer","31"
"150","Jessica Biel","6.31","Actress, Producer","30"
"151","Annette Bening","6.29","Actress","54"
"152","Glenn Close","6.28","Actress, Producer, Singer (Cameo), Stage Performer (Musical), Stage Performer (Play)","65"
"153","Lindsay Lohan","6.26","Actress, Model, Musician","26"
"154","Ralph Fiennes","6.25","Actor, Director, Producer, Singer (Cameo)","49"
"155","Frances McDormand","6.24","Actress","55"
"155","Meg Ryan","6.24","Actress, Producer, Singer (Cameo)","50"
"157","Ed Harris","6.23","Actor, Director, Producer, Writer","61"
"158","Gerard Butler","6.21","Actor, Producer, Singer (Cameo)","42"
"159","Amy Adams","6.19","Actress, Musician","37"
"160","Kevin James","6.14","Actress, Producer, Singer (Cameo), Writer","47"
"160","Ben Kingsley","6.14","Actor, Singer (Cameo)","68"
"162","Jason Bateman","6.09","Actor, Director","43"
"162","Michael Caine","6.09","Actor, Producer, Singer (Cameo)","79"
"162","Aaron Eckhart","6.09","Actor, Producer","44"
"162","Tina Fey","6.09","Actress, Producer, Singer (Cameo), Writer","42"
"162","Kurt Russell","6.09","Actor","61"
"167","Adrien Brody","6.05","Actor, Composer, Producer","39"
"168","Daniel Radcliffe","6.03","Actor","23"
"169","Ashley Judd","6.01","Actress, Singer (Cameo)","44"
"170","Warren Beatty","6.00","Actor, Director, Producer, Writer","75"
"170","Christopher Walken","6.00","Actor","69"
"172","Kevin Kline","5.97","Actor, Director, Singer (Cameo)","64"
"172","Ellen Page","5.97","Actress, Singer (Cameo)","25"
"174","Woody Harrelson","5.95","Actor, Singer (Cameo)","51"
"174","Mark Ruffalo","5.95","Actor, Director, Producer, Writer","44"
"176","Laura Linney","5.94","Actress","48"
"177","Jeff Bridges","5.93","Actor, Composer, Producer, Singer (Cameo)","62"
"177","Miley Cyrus","5.93","Actress, Singer","18"
"179","Luke Wilson","5.90","Actor","40"
"180","Justin Timberlake","5.87","Actor, Musician, Singer","31"
"181","Sienna Miller","5.84","Actress","30"
"182","Chris Tucker","5.83","Actor","39"
"183","John Malkovich","5.79","Actor, Director, Producer, Writer","58"
"184","Judi Dench","5.74","Actress","77"
"184","Gary Oldman","5.74","Actor, Director, Producer, Singer (Cameo), Writer","54"
"186","Jeremy Irons","5.72","Actor, Director, Singer (Cameo)","63"
"187","Greg Kinnear","5.71","Actor, Producer, Singer (Cameo), Writer","49"
"188","Gael Garcia Bernal","5.70","Actor, Director, Producer, Writer","33"
"189","Laurence Fishburne","5.69","Actor, Director, Producer, Writer","50"
"190","Kevin Bacon","5.68","Actor, Director, Musician, Producer, Singer","54"
"190","Sigourney Weaver","5.68","Actress, Producer","62"
"192","Zac Efron","5.67","Actor, Singer","24"
"193","Terrence Howard","5.66","Actor, Producer, Singer (Cameo)","43"
"194","Geoffrey Rush","5.64","Actor, Singer (Cameo)","61"
"195","John C. Reilly","5.62","Actor, Singer (Cameo), Writer","47"
"196","Jonathan Rhys-Meyers","5.61","Actor, Singer (Cameo)","34"
"197","Billy Crystal","5.58","Actor, Director, Producer, Singer (Cameo), Writer","64"
"197","Dakota Fanning","5.58","Actress","18"
"199","Alec Baldwin","5.57","Actor, Director, Producer, Writer","54"
"199","Maggie Gyllenhaal","5.57","Actress, Singer (Cameo)","34"
"199","Liev Schreiber","5.57","Actor, Director, Writer","44"
"202","Kenneth Branagh","5.54","Actor, Director, Producer, Singer (Cameo), Writer","51"
"202","James Franco","5.54","Actor, Director, Producer, Singer (Cameo), Writer","34"
"204","Patrick Dempsey","5.52","Actor, Director","46"
"205","Chris Rock","5.49","Actor, Comedian, Director, Producer, Singer (Cameo), Writer","47"
"206","Colin Firth","5.47","Actor, Producer, Singer (Cameo), Writer","51"
"206","Ryan Reynolds","5.47","Actor","35"
"206","Liv Tyler","5.47","Actress","35"
"209","Gerard Depardieu","5.46","Actor, Director, Producer, Singer (Cameo)","63"
"210","Beyonce Knowles","5.45","Actress, Composer, Producer, Singer","30"
"211","Barbra Streisand","5.42","Actress, Director, Producer","70"
"212","Ryan Phillippe","5.41","Actor","37"
"213","Christina Ricci","5.39","Actress, Producer, Singer (Cameo)","32"
"214","Peter Sarsgaard","5.37","Actor","41"
"215","Emile Hirsch","5.36","Actor, Singer (Cameo)","27"
"216","Ray Romano","5.34","Actor, Producer, Writer","54"
"217","Josh Hartnett","5.29","Actor, Producer","34"
"218","Charlie Sheen","5.26","Actor, Producer, Writer","46"
"219","Paul Rudd","5.24","Actor, Producer, Singer (Cameo), Writer","43"
"220","Emily Blunt","5.23","Actress","29"
"220","Eva Mendes","5.23","Actress, Producer","38"
"222","Yun-Fat Chow","5.21","Actor","57"
"223","William H. Macy","5.20","Actor, Director, Producer, Writer","62"
"224","Casey Affleck","5.19","Actor, Producer, Writer","36"
"224","Ziyi Zhang","5.19","Actress","33"
"226","Matt Dillon","5.18","Actor, Director, Writer","48"
"227","Nathan Lane","5.17","Actor, Producer, Singer","56"
"227","Kristin Scott Thomas","5.17","Actress","52"
"227","Robin Wright Penn","5.17","Actress","46"
"230","Zach Braff","5.16","Actor, Director, Producer, Writer","37"
"230","Hilary Duff","5.16","Actress, Producer, Singer","24"
"232","Jonah Hill","5.15","Actor, Singer (Cameo), Writer","28"
"232","Helen Hunt","5.15","Actress, Director, Producer, Writer","49"
"234","Anna Faris","5.13","Actress, Producer, Singer (Cameo)","35"
"235","Edward Burns","5.12","Actor, Director, Producer, Writer","44"
"235","Hayden Christensen","5.12","Actor, Producer","31"
"235","Topher Grace","5.12","Actor, Producer, Singer (Cameo), Writer","34"
"235","Emily Watson","5.12","Actress","45"
"239","Elizabeth Banks","5.10","Actress, Producer","38"
"239","Juliette Binoche","5.10","Actress","48"
"239","Claire Danes","5.10","Actress","33"
"239","Andy Garcia","5.10","Actor, Composer, Director, Producer, Singer (Cameo)","56"
"239","Tilda Swinton","5.10","Actress","51"
"239","Elijah Wood","5.10","Actor","31"
"245","Goldie Hawn","5.08","Actor, Director, Producer, Singer (Cameo)","66"
"245","Katie Holmes","5.08","Actress","33"
"245","Dennis Hopper","5.08","Actor, Director, Writer","76"
"245","Mandy Moore","5.08","Actress, Singer","28"
"249","Roberto Benigni","5.05","Actor, Director, Producer, Writer","59"
"249","Marion Cotillard","5.05","Actress","36"
"249","Billy Crudup","5.05","Actor, Stage Performer (Play)","44"
"249","Milla Jovovich","5.05","Actress, Composer, Singer (Cameo)","36"
"253","Kim Basinger","5.03","Actress","58"
"253","Tim Roth","5.03","Actor, Director, Singer (Cameo)","51"
"255","Ian McKellen","5.02","Actor, Producer, Singer (Cameo), Writer","73"
"256","Jon Favreau","5.00","Actor, Director, Producer, Writer","45"
"256","Audrey Tautou","5.00","Actress","35"
"258","Kate Bosworth","4.98","Actress","29"
"258","Amanda Bynes","4.98","Actress, Singer (Cameo)","26"
"258","Djimon Hounsou","4.98","Actor","48"
"258","Jason Schwartzman","4.98","Actor, Musician, Singer (Cameo), Writer","32"
"262","Rowan Atkinson","4.97","Actor, Director, Producer, Writer","57"
"263","Matthew Fox","4.95","Actor","46"
"263","Jon Heder","4.95","Actor, Producer","34"
"263","Jean Reno","4.95","Actress","63"
"263","Marlon Wayans","4.95","Actor, Director, Producer, Writer","40"
"267","Sarah Michelle Gellar","4.94","Actress, Singer (Cameo)","35"
"268","Helena Bonham Carter","4.93","Actor, Singer (Cameo), Voice (Animated project)","46"
"268","Steve Buscemi","4.93","Actor, Director, Producer, Singer (Cameo), Writer","54"
"268","Dane Cook","4.93","Actor, Comedian, Director, Producer, Writer","40"
"268","Hugh Laurie","4.93","Actor, Composer, Director, Producer, Singer (Cameo), Writer","53"
"272","Chris Cooper","4.92","Actor","61"
"272","Damon Wayans","4.92","Actor","51"
"274","Paul Bettany","4.90","Actor","41"
"274","Jessica Lange","4.90","Actress, Producer","63"
"274","Eva Longoria Parker","4.90","Actress, Producer","37"
"277","John Turturro","4.87","Actor","55"
"278","Albert Brooks","4.86","Actor, Director, Singer (Cameo), Writer","65"
"279","Bette Midler","4.85","Actress, Composer, Producer, Singer, Writer","66"
"279","Amy Poehler","4.85","Actress, Producer, Singer (Cameo), Writer","40"
"281","David Duchovny","4.84","Actor, Director, Producer, Writer","51"
"281","Michael Keaton","4.84","Actor, Director, Producer","60"
"281","Nick Nolte","4.84","Actor, Producer","71"
"281","Martin Sheen","4.84","Actor, Director, Producer","71"
"285","Abigail Breslin","4.83","Actress","16"
"285","Christopher Guest","4.83","Actor, Composer, Director, Producer, Writer","64"
"285","William Hurt","4.83","Actor, Producer","62"
"285","Guy Pearce","4.83","Actor, Singer (Cameo)","44"
"285","Channing Tatum","4.83","Actor","32"
"290","Willem Dafoe","4.82","Actor, Producer, Writer","57"
"290","Danny DeVito","4.82","Actor, Director, Producer, Singer (Cameo), Writer","67"
"290","Jennifer Hudson","4.82","Actress, Reality TV, Singer","30"
"290","Stanley Tucci","4.82","Actor","51"
"290","Jon Voight","4.82","Actor","73"
"295","Emily Mortimer","4.81","Actress","40"
"295","Michelle Williams","4.81","Actress","31"
"297","Selma Blair","4.80","Actress","40"
"297","Rosario Dawson","4.80","Actor, Producer, Singer (Cameo)","33"
"297","James Gandolfini","4.80","Actor, Producer, Singer (Cameo)","50"
"297","Holly Hunter","4.80","Actress, Producer","54"
"297","Tom Wilkinson","4.80","Actor","63"
"302","Joan Allen","4.79","Actress","55"
"302","Steve Coogan","4.79","Actor, Composer, Producer, Writer","46"
"302","Anjelica Huston","4.79","Actress, Director, Producer","61"
"302","Jeremy Piven","4.79","Actor, Producer","47"
"302","Keri Russell","4.79","Actress, Singer (Cameo)","36"
"307","Alan Rickman","4.78","Actor, Director, Producer, Singer (Cameo), Writer","66"
"308","Thomas Haden Church","4.77","Actor, Director, Producer, Writer","52"
"308","Catherine Deneuve","4.77","Actress, Producer, Singer (Cameo)","68"
"310","Josh Lucas","4.76","Actor, Producer, Singer (Cameo)","41"
"311","Bryce Dallas Howard","4.75","Actress, Director, Writer","31"
"311","Sam Rockwell","4.75","Actor","43"
"313","Toni Collette","4.74","Actress, Producer, Singer (Cameo)","39"
"313","Gong Li","4.74","Actress","46"
"313","Simon Pegg","4.74","Actor, Director, Producer, Singer (Cameo), Writer","42"
"316","Gabriel Byrne","4.73","Actor, Director, Producer, Writer","62"
"316","Seann William Scott","4.73","Actor, Producer","35"
"318","Justin Long","4.72","Actor, Singer (Cameo)","34"
"318","Gary Sinise","4.72","Actor","57"
"318","Sharon Stone","4.72","Actress","54"
"321","Cuba Gooding","4.71","Actor, Producer","44"
"322","Lucy Liu","4.70","Actress, Producer, Singer (Cameo)","43"
"322","Jim Sturgess","4.70","Actor","31"
"324","Richard Dreyfuss","4.69","Actor, Director, Producer, Singer (Cameo), Writer","64"
"324","Kelsey Grammer","4.69","Actor, Director, Producer, Singer (Cameo), Writer","57"
"326","America Ferrera","4.68","Actress, Producer, Singer (Cameo)","28"
"326","Mary-Louise Parker","4.68","Actress, Singer (Cameo)","47"
"326","Patrick Stewart","4.68","Actor","72"
"329","Marisa Tomei","4.67","Actress","47"
"329","Ken Watanabe","4.67","Actor","52"
"331","Ray Liotta","4.66","Actor, Producer, Singer (Cameo)","57"
"332","Monica Bellucci","4.65","Actress, Model","47"
"332","Jeff Daniels","4.65","Actor, Director, Musician, Stage Performer (Play), Writer","57"
"332","Catherine Keener","4.65","Actress, Producer","53"
"332","Harvey Keitel","4.65","Actress, Producer","73"
"332","Michelle Monaghan","4.65","Actress","36"
"332","Cillian Murphy","4.65","Actor, Singer (Cameo)","36"
"332","Winona Ryder","4.65","Actress, Producer, Singer (Cameo)","40"
"332","Julia Stiles","4.65","Actress","31"
"332","Paul Walker","4.65","Actor","38"
"341","Courteney Cox Arquette","4.64","Actress, Director, Producer","48"
"341","Isla Fisher","4.64","Actress, Producer","36"
"341","Michelle Yeoh","4.64","Actress","49"
"344","Denis Leary","4.62","Actor, Composer, Director, Producer, Singer (Cameo), Writer","54"
"344","Amanda Peet","4.62","Actress","40"
"346","John Cleese","4.61","Actor, Director, Producer, Writer","72"
"346","Megan Fox","4.61","Actress","26"
"346","Val Kilmer","4.61","Actor, Director, Producer, Singer (Cameo)","52"
"346","Mickey Rourke","4.61","Actor, Singer (Cameo), Writer","55"
"346","Wesley Snipes","4.61","Actor, Producer","49"
"351","Danny Glover","4.59","Actor, Director, Producer, Singer (Cameo), Writer","66"
"351","Samantha Morton","4.59","Actress, Director, Singer (Cameo)","35"
"353","Jim Caviezel","4.57","Actor","43"
"353","Jane Fonda","4.57","Actress, Producer","74"
"353","50 Cent (Curtis Jackson)","4.57","Actor, Director, Musician, Producer, Rapper, Writer","37"
"356","Jason Biggs","4.56","Actor, Producer","34"
"356","Jason Patric","4.56","Actor, Producer","46"
"358","Tea Leoni","4.55","Actress, Producer","46"
"358","Patrick Wilson","4.55","Actor","39"
"360","Kathy Bates","4.54","Actress, Director, Producer","64"
"360","Christian Slater","4.54","Actor","42"
"362","Taye Diggs","4.53","Actor, Producer, Singer (Cameo)","41"
"362","Kyra Sedgwick","4.53","Actress, Producer","46"
"364","Patricia Clarkson","4.52","Actress, Singer (Cameo)","52"
"364","Minnie Driver","4.52","Actress, Producer","42"
"364","Joseph Fiennes","4.52","Actor, Director, Producer","42"
"364","Jared Leto","4.52","Actor, Musician, Producer, Singer","40"
"368","Parker Posey","4.51","Actress, Singer (Cameo), Writer","43"
"368","Jason Segel","4.51","Actor, Writer","32"
"368","David Strathairn","4.51","Actor","63"
"371","Felicity Huffman","4.50","Actress","49"
"371","Donald Sutherland","4.50","Actor","77"
"373","John Goodman","4.49","Actor, Producer, Singer (Cameo)","60"
"373","Johnny Knoxville","4.49","Actor, Producer, Writer","41"
"373","Cedric the Entertainer (Cedric Kyles)","4.49","Actor, Director, Producer, Writer","48"
"373","James Marsden","4.49","Actor, Singer (Cameo)","38"
"373","Matthew Perry","4.49","Actor, Director, Producer, Singer (Cameo), Writer","42"
"373","Rainn Wilson","4.49","Actor","46"
"379","Martin Short","4.47","Actor, Producer, Writer","62"
"379","LL Cool J (James Todd Smith)","4.47","Actor, Producer, Rapper, Singer","44"
"379","Steve Zahn","4.47","Actor","45"
"382","John Krasinski","4.46","Actor, Director, Singer (Cameo), Writer","32"
"383","Angela Bassett","4.45","Actress, Director, Producer","53"
"383","Josh Duhamel","4.45","Actor, Model, Singer (Cameo)","39"
"383","Carrie-Anne Moss","4.45","Actress","44"
"383","Sam Neill","4.45","Actor, Director, Producer, Writer","64"
"387","Aishwarya Rai Bachchan","4.44","Actress, Model","38"
"388","Marcia Gay Harden","4.43","Actress","52"
"388","Bill Paxton","4.43","Director, Producer, Singer (Cameo), Writer","57"
"388","Vanessa Redgrave","4.43","Actress, Producer, Singer (Cameo)","75"
"388","Jeffrey Wright","4.43","Actor","46"
"392","Maria Bello","4.41","Actress","45"
"393","Lisa Kudrow","4.40","Actress, Producer, Singer (Cameo), Writer","43"
"393","Stellan Skarsgard","4.40","Actor","61"
"393","Gabrielle Union","4.40","Actress","39"
"393","Evan Rachel Wood","4.40","Actress","24"
"397","James Woods","4.39","Actor","65"
"398","P. Diddy (Sean Combs)","4.38","Actor, Director, Producer, Rapper","42"
"399","Debra Messing","4.37","Actress, Producer","43"
"400","Paul Dano","4.35","Actor, Producer, Singer (Cameo)","28"
"400","Stephen Rea","4.35","Actor, Writer","65"
"400","Emmy Rossum","4.35","Actress, Singer (Cameo)","25"
"403","Jada Pinkett Smith","4.33","Actress, Director, Producer, Writer","40"
"403","Rebecca Romijn","4.33","Actress","39"
"405","Julie Delpy","4.31","Actress, Composer, Director, Producer, Singer (Cameo), Writer","42"
"405","Jason Lee","4.31","Actor, Director, Producer, Singer (Cameo), Writer","42"
"405","David Spade","4.31","Actor","48"
"408","Nick Cannon","4.30","Actor, Director, Producer, Rapper, Writer","31"
"408","John Leguizamo","4.30","Actor, Director, Producer, Singer (Cameo), Writer","48"
"410","Zooey Deschanel","4.29","Actress, Musician","32"
"410","Andie MacDowell","4.29","Actress, Producer, Singer (Cameo)","54"
"412","Anna Paquin","4.28","Actor, Producer, Singer (Cameo)","30"
"412","David Schwimmer","4.28","Actor, Director, Producer, Singer (Cameo)","45"
"412","Jimmy Smits","4.28","Actor, Producer","57"
"415","Elisabeth Shue","4.27","Actress","48"
"416","Ving Rhames","4.25","Actor, Producer","53"
"417","Jennifer Jason Leigh","4.24","Actress, Director, Producer, Singer (Cameo), Writer","50"
"417","Jeremy Northam","4.24","Actor, Singer (Cameo)","50"
"417","Hugo Weaving","4.24","Actor","52"
"420","Melanie Griffith","4.23","Actress","54"
"420","Derek Luke","4.23","Actor, Singer (Cameo)","38"
"422","Sally Field","4.22","Actress, Director, Producer, Singer (Cameo), Writer","65"
"422","Alicia Keys","4.22","Actress, Musician, Producer, Singer","32"
"424","George Lopez","4.21","Actor, Director, Producer, Writer","51"
"424","Thandie Newton","4.21","Actress","39"
"426","Cam Gigandet","4.19","Actor","29"
"427","Stephen Chow","4.18","Actor, Director, Producer, Writer","50"
"427","Bill Pullman","4.18","Actor, Director, Producer, Singer (Cameo)","58"
"429","Alan Arkin","4.17","Actor, Director, Writer","78"
"429","Tyrese Gibson","4.17","Actor, Producer","33"
"429","Sophia Loren","4.17","Actress, Singer (Cameo)","77"
"432","Malin Akerman","4.16","Actress","34"
"433","Jim Broadbent","4.15","Actor, Producer, Singer (Cameo), Writer","63"
"433","Julia Ormond","4.15","Actress, Producer","47"
"433","Chloe Sevigny","4.15","Actress","37"
"436","Timothy Olyphant","4.14","Actor","44"
"436","Hayden Panettiere","4.14","Actress, Singer (Cameo)","22"
"436","James Spader","4.14","Actor","52"
"439","Kerry Washington","4.13","Actress","35"
"440","Mila Kunis","4.12","Actor, Singer (Cameo)","28"
"440","Til Schweiger","4.12","Actor, Director, Producer, Writer","48"
"442","Rose McGowan","4.10","Actress, Singer (Cameo)","38"
"442","Joe Pesci","4.10","Actor, Singer (Cameo)","69"
"442","Mira Sorvino","4.10","Actress","44"
"445","James Caan","4.09","Actor, Director, Singer (Cameo)","72"
"445","Larry the Cable Guy (Daniel Lawrence Whitney)","4.09","Actor, Producer, Writer","49"
"447","Heather Graham","4.06","Actor, Producer, Singer (Cameo)","42"
"448","Seth Green","4.05","Actor, Director, Producer, Writer","38"
"448","John Lithgow","4.05","Actor, Producer, Singer (Cameo), Writer","66"
"450","Julie Christie","4.04","Actress","71"
"450","Joseph Gordon-Levitt","4.04","Actor","31"
"452","John Hurt","4.03","Actor, Singer (Cameo)","72"
"452","Eddie Izzard","4.03","Actor, Comedian, Producer, Singer (Cameo), Writer","50"
"454","Laura Dern","4.02","Actress, Director, Producer","45"
"454","Isabella Rossellini","4.02","Actress","60"
"454","Emma Watson","4.02","Actress","22"
"457","Ludacris (Chris Bridges)","4.01","Actor, Musician, Producer, Rapper","34"
"457","Harry Connick","4.01","Actor, Composer, Musician, Producer","44"
"457","Sandra Oh","4.01","Actress, Singer (Cameo)","41"
"460","Rachel Bilson","4.00","Actress","30"
"460","Brittany Murphy","4.00","Actress, Producer, Singer (Cameo)","34"
"462","Bradley Cooper","3.99","Actor","37"
"462","Jenna Fischer","3.99","Actress, Director, Singer (Cameo), Writer","38"
"462","Peter O'Toole","3.99","Actor, Director, Producer, Singer (Cameo)","79"
"462","Jessica Simpson","3.99","Actress","32"
"462","Jean-Claude Van Damme","3.99","Actor","51"
"467","Scott Speedman","3.97","Actor","36"
"468","Robert Carlyle","3.96","Actor","51"
"468","Amy Ryan","3.96","Actress, Producer","42"
"468","Sarah Silverman","3.96","Actress","41"
"471","Brenda Blethyn","3.95","Actress","66"
"471","Benjamin Bratt","3.95","Actor, Producer","48"
"471","Dougray Scott","3.95","Actor, Producer","46"
"474","Chris Evans","3.94","Actor","31"
"474","Dylan McDermott","3.94","Actor, Director","50"
"474","Dermot Mulroney","3.94","Actor, Musician, Producer, Singer (Cameo)","48"
"474","Kal Penn","3.94","Actor, Producer, Singer (Cameo)","35"
"474","Andy Samberg","3.94","Actor, Director, Producer, Singer (Cameo), Writer","33"
"474","Tom Selleck","3.94","Actor, Producer, Singer (Cameo), Writer","67"
"474","Dante Terrell Smith","3.94","Actor, Producer, Rapper, Writer","38"
"481","Russell Brand","3.93","Actor, Comedian, Producer, Singer (Cameo)","37"
"482","Ellen Barkin","3.92","Actress","58"
"482","Bob Hoskins","3.92","Actor, Director, Producer, Singer (Cameo), Writer","69"
"482","Rob Lowe","3.92","Actor, Director, Producer, Singer (Cameo), Writer","58"
"482","Lena Olin","3.92","Actress","57"
"482","Sam Shepard","3.92","Actor","68"
"482","David Thewlis","3.92","Actor, Director","49"
"488","Kristen Bell","3.91","Actress, Stage Performer (Musical), Stage Performer (Play)","32"
"489","Jamie Kennedy","3.90","Actor, Producer, Singer (Cameo), Writer","42"
"489","Virginia Madsen","3.90","Actress, Producer","50"
"489","Mekhi Phifer","3.90","Actor, Director, Producer","37"
"489","Tony Shalhoub","3.90","Actor, Director, Producer","58"
"493","Adam Brody","3.89","Actor, Producer, Writer","32"
"493","Hope Davis","3.89","Actress, Singer (Cameo), Stage Performer (Musical), Stage Performer (Play)","48"
"493","Dianne Wiest","3.89","Actress","64"
"496","Sissy Spacek","3.88","Actress","62"
"497","Michael Chiklis","3.87","Director, Producer","48"
"497","Jeff Goldblum","3.87","Actor, Director, Producer, Singer (Cameo)","59"
"499","Matthew Goode","3.86","Actor","34"
"499","Giovanni Ribisi","3.86","Actor, Singer (Cameo)","37"
"501","James Belushi","3.85","Actor, Composer, Director, Producer, Writer","58"
"501","Chris Klein","3.85","Actor, Singer (Cameo)","33"
"501","Rene Russo","3.85","Actress, Producer","58"
"504","Jonathan Pryce","3.84","Actor, Singer (Cameo)","65"
"505","Kristin Chenoweth","3.83","Actress","44"
"506","Gillian Anderson","3.82","Actress","43"
"506","Takeshi Kitano","3.82","Actor, Director, Producer, Writer","65"
"506","Matthew Modine","3.82","Actor, Director, Producer, Writer","53"
"509","Andre 3000 (Andre Benjamin)","3.81","Actor, Musician, Producer, Rapper, Singer","37"
"509","Neve Campbell","3.81","Actress, Dancer, Producer, Singer (Cameo), Writer","38"
"511","Brooke Shields","3.80","Actress","47"
"512","Anthony Edwards","3.79","Actor, Director, Producer","50"
"512","Andy Lau","3.79","Actor, Director, Producer, Singer (Cameo)","50"
"512","Sarah Polley","3.79","Actress, Director, Producer, Writer","33"
"515","Jamie Lee Curtis","3.78","Actress, Author, Director","53"
"515","Geena Davis","3.78","Actress, Producer, Singer (Cameo), Writer","56"
"515","Ian McShane","3.78","Actor, Director, Producer","69"
"515","Rob Schneider","3.78","Actor, Director, Producer, Singer (Cameo), Writer","48"
"519","Alan Cumming","3.77","Actor, Composer, Director, Producer, Singer, Stage Performer (Musical), Writer","47"
"519","Rupert Everett","3.77","Actor, Producer, Singer (Cameo), Voice (Animated project)","53"
"521","Mike Binder","3.76","Actor, Director, Producer, Writer","NA"
"521","Joshua Jackson","3.76","Actor, Director, Producer","34"
"521","Ashley Tisdale","3.76","Actress, Musician, Singer","27"
"524","Daniel Auteuil","3.75","Actor","62"
"524","Kim Cattrall","3.75","Actress, Producer","55"
"524","Emilio Estevez","3.75","Actor, Director, Producer, Singer (Cameo), Writer","50"
"527","Famke Janssen","3.74","Actress","46"
"527","Rufus Sewell","3.74","Actor","44"
"529","Vincent Cassel","3.73","Actor, Director, Producer, Singer (Cameo), Voice (Animated project), Writer","45"
"529","Calista Flockhart","3.73","Actress","47"
"529","Freddie Highmore","3.73","Actor","20"
"532","Alfred Molina","3.72","Actor, Producer, Singer (Cameo)","59"
"533","David Bowie","3.71","Actor, Composer, Director, Musician, Producer, Singer, Writer","65"
"533","Rhys Ifans","3.71","Actor, Singer (Cameo)","44"
"533","Alfre Woodard","3.71","Actress","59"
"536","Christina Applegate","3.70","Actress, Producer","40"
"537","Dan Aykroyd","3.69","Actor, Director, Producer, Writer","60"
"537","Jamie Bell","3.69","Actor","26"
"537","Allison Janney","3.69","Actress, Singer (Cameo)","52"
"540","Aamir Khan","3.68","Actor, Director, Producer, Writer","47"
"540","Kelly Preston","3.68","Actress","49"
"542","Eugene Levy","3.66","Actor, Composer, Director, Producer, Singer (Cameo), Writer","65"
"542","Bill Nighy","3.66","Actor, Singer (Cameo)","62"
"542","Eric Stoltz","3.66","Actor","50"
"545","Teri Hatcher","3.65","Actress, Writer","47"
"546","Joan Cusack","3.63","Actress, Singer (Cameo), Writer","49"
"546","Rachel Griffiths","3.63","Actress, Director, Writer","43"
"546","Brandon Routh","3.63","Actor, Producer","32"
"549","Brian Dennehy","3.62","Actor, Director, Producer, Singer (Cameo), Writer","74"
"549","Diego Luna","3.62","Actor, Director, Producer","32"
"551","Brian Cox","3.61","Actor, Singer (Cameo)","66"
"551","Vera Farmiga","3.61","Actress","38"
"551","Cynthia Nixon","3.61","Actress, Singer (Cameo)","46"
"551","Chris Noth","3.61","Actor, Producer, Writer","57"
"555","Andre Braugher","3.60","Actor, Director, Producer","50"
"555","Judy Davis","3.60","Actress","57"
"555","Blake Lively","3.60","Actress","24"
"558","Kyle MacLachlan","3.59","Actor, Director, Singer (Cameo)","53"
"559","Shawn Wayans","3.58","Actor, Director, Producer, Writer","43"
"560","Isabelle Huppert","3.57","Actress, Singer (Cameo)","59"
"560","Frank Langella","3.57","Actor","74"
"562","Daniel Bruhl","3.56","Actor","34"
"562","Elisha Cuthbert","3.56","Actress, Producer, Singer (Cameo)","29"
"562","Kristin Davis","3.56","Actress, Producer, Singer (Cameo)","47"
"562","Jennifer Love Hewitt","3.56","Actress, Producer, Singer (Cameo), Writer","33"
"566","Gary Cole","3.54","Actor","55"
"566","Ted Danson","3.54","Actor, Producer, Singer (Cameo)","64"
"568","Janet Jackson","3.53","Actress, Composer, Producer, Singer, Writer","46"
"569","David Arquette","3.52","Actor, Director, Producer, Writer","40"
"570","Tony Leung","3.51","Actor, Singer (Cameo)","50"
"570","Amber Tamblyn","3.51","Actress","29"
"572","Sanaa Lathan","3.50","Actress, Producer","40"
"572","Bridget Moynahan","3.50","Actress, Singer (Cameo)","41"
"572","Freddie Prinze","3.50","Actor, Producer, Singer (Cameo), Writer","36"
"572","Nick Stahl","3.50","Actor","32"
"576","Snoop Dogg (Cordozar Calvin Broadus)","3.49","Actor, Composer, Director, Producer, Rapper, Singer, Writer","40"
"576","Campbell Scott","3.49","Actor, Director, Producer, Writer","51"
"578","Mary-Kate Olsen","3.48","Actress, Producer","26"
"579","Daryl Hannah","3.47","Actress, Director, Producer, Writer","51"
"579","Ice-T (Tracy Lauren Marrow)","3.47","Actor, Composer, Producer, Rapper, Writer","54"
"581","Jon Bon Jovi","3.45","Actor, Composer, Musician, Singer","50"
"581","Edie Falco","3.45","Actress, Singer (Cameo)","49"
"583","Olivier Martinez","3.44","Actor","46"
"583","Raven-Symone (Raven-Symone Christina Pearman)","3.44","Actor, Producer, Singer (Cameo)","26"
"583","Blair Underwood","3.44","Actor","47"
"586","Tony Jaa","3.43","Actor, Director","36"
"586","James Earl Jones","3.43","Actor","81"
"588","James Cromwell","3.42","Actor, Producer","72"
"588","Franka Potente","3.42","Actress, Director, Singer (Cameo), Writer","38"
"590","Peter Dinklage","3.41","Actor","43"
"590","Adrian Grenier","3.41","Actor, Director, Producer, Writer","36"
"592","John Cho","3.40","Actor","40"
"592","Toby Jones","3.40","Actor","44"
"592","Anthony LaPaglia","3.40","Actor, Producer, Writer","53"
"595","Ioan Gruffudd","3.39","Actor, Singer (Cameo)","38"
"595","Diane Kruger","3.39","Actress, Producer","36"
"595","Terence Stamp","3.39","Actor","73"
"598","Albert Finney","3.38","Actor, Director, Producer, Singer (Cameo)","76"
"599","Chace Crawford","3.37","Actor","27"
"599","Peter Fonda","3.37","Actor, Director, Producer, Writer","72"
"599","Lauren Graham","3.37","Actress, Producer, Singer (Cameo)","45"
"599","Mena Suvari","3.37","Actress","33"
"603","Alexis Bledel","3.36","Actress","30"
"603","Beau Bridges","3.36","Actor, Director, Producer, Singer (Cameo)","70"
"605","Jason Isaacs","3.35","Actor, Singer (Cameo)","49"
"605","Jena Malone","3.35","Actress, Producer","27"
"607","Danny R. McBride","3.34","Actor, Producer, Writer","35"
"607","Dominic Monaghan","3.34","Actor","35"
"609","Robbie Coltrane","3.33","Actor, Director, Producer, Writer","62"
"609","Hugh Dancy","3.33","Actor","37"
"609","James Purefoy","3.33","Actor","48"
"609","Miranda Richardson","3.33","Actress, Singer (Cameo)","54"
"609","Alicia Silverstone","3.33","Actress, Producer","35"
"614","James Brolin","3.32","Actor, Director, Producer","72"
"614","Jackie Earle Haley","3.32","Actor, Writer","51"
"616","Cary Elwes","3.31","Actor, Producer","49"
"616","Steven Seagal","3.31","Actor, Director, Producer, Singer (Cameo), Writer","61"
"618","Jon Cryer","3.30","Actor, Director, Producer, Writer","47"
"618","Shirley MacLaine","3.30","Actress, Director, Producer, Singer (Cameo), Writer","78"
"620","Sean Astin","3.29","Actor, Director, Producer, Writer","41"
"620","Richard E. Grant","3.29","Actor, Director, Singer (Cameo), Writer","55"
"622","Christopher Meloni","3.28","Actor","51"
"623","Mischa Barton","3.27","Actress","26"
"623","Sean Bean","3.27","Actor","53"
"623","Vanessa Hudgens","3.27","Actress, Singer","23"
"626","Camilla Belle","3.26","Actress","25"
"627","Eva Green","3.25","Actress","32"
"627","Stuart Townsend","3.25","Actor","39"
"629","Anthony Anderson","3.24","Actor","41"
"629","Patricia Arquette","3.24","Actress","44"
"629","Michael Clarke Duncan","3.24","Actor, Singer (Cameo)","54"
"629","Christopher Eccleston","3.24","Actor","48"
"629","Giancarlo Giannini","3.24","Actor, Director, Producer, Writer","69"
"629","Juliette Lewis","3.24","Actress, Singer (Cameo)","39"
"629","Catherine O'Hara","3.24","Actress, Director, Singer (Cameo), Writer","58"
"629","Gena Rowlands","3.24","Actress, Singer (Cameo), Writer","82"
"629","Andy Serkis","3.24","Actor, Director","48"
"629","Noah Wyle","3.24","Actor, Director, Producer","41"
"639","Ian Holm","3.23","Actor, Singer (Cameo)","80"
"639","Gabriel Macht","3.23","Actor, Producer","40"
"641","Kieran Culkin","3.22","Actor","29"
"641","Carmen Electra","3.22","Actress, Singer (Cameo)","40"
"641","Chris O'Donnell","3.22","Actor, Producer","42"
"641","Catalina Sandino Moreno","3.22","Actress","31"
"645","Tom Arnold","3.21","Actor, Comedian","53"
"645","Paris Hilton","3.21","Actress, Musician, Producer","31"
"645","Malcolm McDowell","3.21","Actor, Producer","69"
"648","Paddy Considine","3.20","Actor, Director, Writer","37"
"648","Vinnie Jones","3.20","Actor, Producer, Singer (Cameo)","47"
"648","Leslie Mann","3.20","Actress","40"
"648","Bradley Whitford","3.20","Actor","52"
"652","Matt LeBlanc","3.19","Actor, Producer, Singer (Cameo)","45"
"652","Michael McKean","3.19","Actor, Composer, Director, Producer, Singer (Cameo), Writer","64"
"652","Julian McMahon","3.19","Actor, Producer","43"
"652","Ron Perlman","3.19","Actor, Director, Writer","62"
"656","Emmanuelle Beart","3.18","Actress","48"
"656","Vivica A. Fox","3.18","Actress, Producer","47"
"656","Brad Garrett","3.18","Actor, Producer, Singer (Cameo)","52"
"656","Haley Joel Osment","3.18","Actor, Producer, Singer (Cameo)","24"
"656","J.K. Simmons","3.18","Actor","57"
"661","Rebecca Hall","3.17","Actress","30"
"661","Keke Palmer","3.17","Actress, Producer, Singer","18"
"661","Charlotte Rampling","3.17","Actress","66"
"661","Michelle Trachtenberg","3.17","Actress","26"
"661","Nia Vardalos","3.17","Actress","49"
"666","Christopher Lambert","3.16","Actor, Producer, Writer","55"
"666","Taryn Manning","3.16","Actress, Singer (Cameo)","33"
"666","Jaime Pressly","3.16","Actress, Producer, Singer (Cameo)","34"
"666","Molly Sims","3.16","Actress","39"
"666","Treat Williams","3.16","Actor","52"
"671","Will Arnett","3.15","Actor","42"
"671","Hank Azaria","3.15","Actor, Director, Producer, Voice (Animated project), Writer","48"
"671","Natascha McElhone","3.15","Actress","40"
"671","Kevin Pollak","3.15","Actor, Producer, Writer","54"
"671","Amy Smart","3.15","Actress","36"
"671","Leelee Sobieski","3.15","Actress","29"
"671","Wilmer Valderrama","3.15","Actor","32"
"678","Abbie Cornish","3.14","Actress","29"
"678","Joan Plowright","3.14","Actress","82"
"680","Kate Mara","3.13","Actress, Singer (Cameo)","29"
"680","Alyssa Milano","3.13","Actress, Producer","39"
"680","Gretchen Mol","3.13","Actress","39"
"683","Joy Bryant","3.12","Actress, Model","35"
"683","Omar Epps","3.12","Actor, Composer, Producer, Writer","39"
"683","Ben Foster","3.12","Actor","31"
"683","Thomas Jane","3.12","Actor, Director, Producer","43"
"683","Frankie Muniz","3.12","Actor, Producer, Writer","26"
"683","Freddy Rodriguez","3.12","Actor","37"
"683","Michael Vartan","3.12","Actor","43"
"683","Steven Weber","3.12","Actor, Director, Producer, Writer","51"
"691","Gina Gershon","3.11","Actress, Producer, Singer (Cameo)","50"
"691","Ashley Olsen","3.11","Actress, Producer","26"
"691","Billy Zane","3.11","Actor","46"
"694","Jonny Lee Miller","3.10","Actor, Singer (Cameo)","39"
"694","Alessandro Nivola","3.10","Actor, Singer (Cameo)","40"
"696","Erika Christensen","3.09","Actress, Singer (Cameo)","29"
"696","Peter Gallagher","3.09","Actor, Singer (Cameo), Writer","56"
"696","Natasha Henstridge","3.09","Actress, Singer (Cameo)","37"
"696","Jerry O'Connell","3.09","Actor, Director, Producer, Writer","38"
"700","Tony Goldwyn","3.08","Actor, Director, Producer","52"
"700","Richard Jenkins","3.08","Actor","65"
"702","John Cena","3.07","Actor","35"
"702","Sam Elliott","3.07","Actor, Producer, Singer (Cameo), Writer","67"
"702","Stephen Fry","3.07","Actor, Director, Producer, Writer","54"
"702","Neil Patrick Harris","3.07","Actor, Singer (Cameo)","39"
"702","Emma Roberts","3.07","Actress, Singer (Cameo)","21"
"702","Amanda Seyfried","3.07","Actress, Singer (Cameo)","26"
"702","Jeremy Sisto","3.07","Actor","37"
"709","Jenna Elfman","3.06","Actress, Producer","40"
"709","Dominic West","3.06","Actor","42"
"709","Vanessa L. Williams","3.06","Actress","49"
"712","Lara Flynn Boyle","3.05","Actress","42"
"712","Chiwetel Ejiofor","3.05","Actor, Director, Writer","38"
"712","Anton Yelchin","3.05","Actor","23"
"715","Kevin Dillon","3.04","Actor, Singer (Cameo)","46"
"715","Delroy Lindo","3.04","Actor","59"
"717","Alan Alda","3.03","Actor","76"
"717","Ellen Burstyn","3.03","Actress, Producer","79"
"717","Melissa George","3.03","Actress","35"
"717","Timothy Hutton","3.03","Actor, Director, Producer, Singer (Cameo), Writer","51"
"717","Dax Shepard","3.03","Actor","37"
"717","Jamie-Lynn Sigler","3.03","Actress","31"
"717","Shane West","3.03","Actor","34"
"724","Julie Andrews","3.02","Actress, Writer","76"
"724","Bob Balaban","3.02","Actor, Director, Producer","66"
"724","Saffron Burrows","3.02","Actress, Model","39"
"724","Christopher Lloyd","3.02","Actor, Singer (Cameo)","73"
"724","Mike White","3.02","Actor, Producer, Writer","42"
"729","Michael Madsen","3.01","Actress, Director, Producer, Writer","53"
"729","Goran Visnjic","3.01","Actor","39"
"731","Thora Birch","3.00","Actress","30"
"731","Chevy Chase","3.00","Actor, Musician, Singer (Cameo), Writer","68"
"731","Rupert Grint","3.00","Actor","23"
"731","Dennis Haysbert","3.00","Actor, Producer","58"
"731","Shah Rukh Khan","3.00","Actor, Producer","46"
"731","Michael Sheen","3.00","Actor, Producer","43"
"731","Lily Tomlin","3.00","Actress","72"
"738","David Morse","2.99","Actor, Director, Singer (Cameo)","58"
"738","Joe Pantoliano","2.99","Actor, Director, Producer, Writer","60"
"738","Aidan Quinn","2.99","Actor, Producer","53"
"741","Dominic Cooper","2.98","Actor, Singer (Cameo)","34"
"741","Janeane Garofalo","2.98","Actress, Director, Producer, Singer (Cameo), Writer","47"
"741","Martin Landau","2.98","Actor, Producer","81"
"741","Jesse L. Martin","2.98","Actor, Producer, Singer (Cameo)","43"
"745","Pamela Anderson","2.97","Actress, Producer","45"
"745","Rose Byrne","2.97","Actress","33"
"745","Angie Harmon","2.97","Actress","39"
"745","Tim Blake Nelson","2.97","Actor, Director, Producer, Singer (Cameo), Writer","48"
"745","Peter Stormare","2.97","Actor","58"
"750","Rosanna Arquette","2.96","Actress","52"
"750","Peter Coyote","2.96","Actor, Director, Producer","70"
"750","Jon Hamm","2.96","Actor","41"
"750","Salman Khan","2.96","Actor, Writer","46"
"750","Sophie Marceau","2.96","Actress, Director, Writer","45"
"750","Connie Nielsen","2.96","Actress","47"
"750","Chazz Palminteri","2.96","Actor, Director, Producer, Writer","60"
"750","Jane Seymour","2.96","Actress, Producer","61"
"750","Fred Willard","2.96","Actor","72"
"759","Christine Baranski","2.95","Actress","60"
"759","Laura Elena Harring","2.95","Actress","48"
"759","Lili Taylor","2.95","Actress","45"
"759","Deborah Kara Unger","2.95","Actress","49"
"763","Fanny Ardant","2.94","Actress","63"
"763","David Boreanaz","2.94","Actor, Director, Producer","43"
"763","Tracy Morgan","2.94","Actor, Producer, Singer (Cameo), Writer","43"
"763","Robert Pattinson","2.94","Actor","26"
"763","Oliver Platt","2.94","Actor, Producer","52"
"763","Nikki Reed","2.94","Actress, Producer, Writer","24"
"763","Emmanuelle Seigner","2.94","Actress","46"
"763","Ray Winstone","2.94","Actor","55"
"771","Jennifer Coolidge","2.93","Actress","48"
"771","T.I. (Tip Harris)","2.93","Actor, Rapper, Singer","31"
"771","Joe Mantegna","2.93","Actor, Director, Producer, Singer (Cameo), Writer","64"
"771","Kate Walsh","2.93","Actress","44"
"775","Armand Assante","2.92","Actor, Producer","62"
"775","John C. McGinley","2.92","Actor, Producer, Singer (Cameo), Writer","52"
"775","Jeffrey Dean Morgan","2.92","Actor","46"
"775","Craig T. Nelson","2.92","Actor, Director, Producer, Writer","68"
"779","Orlando Jones","2.91","Actor, Producer, Singer (Cameo), Writer","44"
"779","Burt Reynolds","2.91","Actor, Director, Producer, Singer (Cameo), Writer","76"
"779","Joely Richardson","2.91","Actress","47"
"779","Jeanne Tripplehorn","2.91","Actress","49"
"783","Peter Krause","2.90","Actor, Producer, Singer (Cameo)","46"
"783","Molly Shannon","2.90","Actress, Singer (Cameo), Writer","47"
"783","Christine Taylor","2.90","Actress","40"
"783","Kristen Wiig","2.90","Actress","38"
"787","Jesse Eisenberg","2.89","Actor, Singer (Cameo)","28"
"787","Leighton Meester","2.89","Actress","26"
"787","Chad Michael Murray","2.89","Actor, Writer","30"
"787","Eric Roberts","2.89","Actor, Singer (Cameo)","56"
"791","Tom Berenger","2.88","Actor, Producer, Writer","63"
"791","Candice Bergen","2.88","Actress, Producer","66"
"791","Cheryl Hines","2.88","Actress, Director, Producer","46"
"791","Michael Imperioli","2.88","Actor, Director, Producer, Writer","46"
"791","Lou Diamond Phillips","2.88","Actor, Director, Producer, Singer (Cameo), Writer","50"
"791","Randy Quaid","2.88","Actor, Producer, Singer (Cameo)","61"
"791","Brittany Snow","2.88","Actress","26"
"791","Harry Dean Stanton","2.88","Actor","86"
"799","Chris Brown","2.87","Actor, Rapper, Singer","23"
"799","Kevin Connolly","2.87","Actor, Director","38"
"799","Adam Goldberg","2.87","Actor, Composer, Director, Producer, Writer","41"
"799","Martin Henderson","2.87","Actor, Singer (Cameo)","37"
"799","Radha Mitchell","2.87","Actress, Director, Producer, Writer","38"
"799","Chris Pine","2.87","Actor","31"
"799","Julie Walters","2.87","Actress","62"
"799","Michael Jai White","2.87","Actor","44"
"807","Idina Menzel","2.86","Actress, Singer, Stage Performer (Musical)","41"
"807","Barry Pepper","2.86","Actor, Producer","42"
"807","Justin Theroux","2.86","Actor, Writer","40"
"807","Paz Vega","2.86","Actress","36"
"811","Vondie Curtis-Hall","2.85","Actor, Director, Writer","55"
"811","Judy Greer","2.85","Actress","37"
"811","Michael C. Hall","2.85","Actor, Producer, Singer (Cameo)","41"
"811","Colin Hanks","2.85","Actor, Producer, Singer (Cameo)","34"
"811","Ali Larter","2.85","Actress, Producer","36"
"811","Rip Torn","2.85","Actor","81"
"817","Simon Baker","2.84","Actor","42"
"817","Moritz Bleibtreu","2.84","Actor","40"
"817","Macaulay Culkin","2.84","Actor, Singer (Cameo)","31"
"817","Cliff Curtis","2.84","Actor, Producer","43"
"817","Danny Huston","2.84","Actor, Director","50"
"817","Irrfan Khan","2.84","Actor","NA"
"817","Matthew Lillard","2.84","Actor, Producer, Singer (Cameo)","42"
"817","Colm Meaney","2.84","Actor","59"
"817","Jay Mohr","2.84","Actor, Producer, Singer (Cameo), Writer","41"
"817","Gaspard Ulliel","2.84","Actor","27"
"827","Benjamin McKenzie","2.83","Actor","33"
"827","Michael Pena","2.83","Actor","36"
"829","Ben Barnes","2.82","Actor","30"
"829","Emmanuelle Chriqui","2.82","Actress","34"
"829","Billy Connolly","2.82","Actor, Composer, Producer, Writer","69"
"829","Cheech Marin","2.82","Actor, Director, Producer, Singer (Cameo), Writer","66"
"829","Michelle Rodriguez","2.82","Actress, Producer","34"
"829","Richard Roxburgh","2.82","Actor, Director, Singer (Cameo)","50"
"829","Skeet Ulrich","2.82","Actor","42"
"829","Mario Van Peebles","2.82","Actor","55"
"829","Milo Ventimiglia","2.82","Actor","35"
"838","Michael Gambon","2.81","Actor, Musician","71"
"838","Jaime King","2.81","Actress","33"
"838","Ron Livingston","2.81","Actor, Producer","45"
"838","Debra Winger","2.81","Actress","57"
"842","Asia Argento","2.80","Actress","36"
"842","Illeana Douglas","2.80","Actress, Director, Producer, Singer (Cameo), Writer","47"
"842","Jane Krakowski","2.80","Actress, Singer (Cameo)","43"
"842","Mary McCormack","2.80","Actress","43"
"846","Vincent D'Onofrio","2.79","Actor, Director, Producer","53"
"846","Brendan Gleeson","2.79","Actor, Singer (Cameo)","57"
"846","Eddie Griffin","2.79","Actor, Director, Producer, Singer (Cameo), Writer","44"
"846","Olivia Thirlby","2.79","Actress","26"
"846","Kenan Thompson","2.79","Actor","34"
"851","Carla Gugino","2.78","Actor, Producer","40"
"851","Catherine McCormack","2.78","Actress, Singer (Cameo)","40"
"851","Robert Patrick","2.78","Actor, Producer","53"
"851","Steven Strait","2.78","Actor, Musician","26"
"855","Rachel Blanchard","2.77","Actress","36"
"855","Marc Blucas","2.77","Actor","40"
"855","Mark Harmon","2.77","Actor, Director, Producer","60"
"855","Sean Hayes","2.77","Actor, Producer, Singer (Cameo), Writer","42"
"855","Kristen Johnston","2.77","Actress","44"
"855","Donal Logue","2.77","Actor","46"
"855","Kristen Stewart","2.77","Actress","22"
"862","Eric Bogosian","2.76","Actor, Writer","59"
"862","Griffin Dunne","2.76","Actor, Director, Producer, Writer","57"
"862","Mike Epps","2.76","Actor, Comedian, Producer, Singer (Cameo), Writer","41"
"862","Irene Jacob","2.76","Actress","46"
"862","Christopher Plummer","2.76","Actor, Producer, Singer (Cameo)","82"
"867","Leslie Bibb","2.75","Actress, Model, Producer","37"
"867","Pete Postlethwaite","2.75","Actor","66"
"869","Emily Deschanel","2.74","Actress, Producer, Singer (Cameo)","35"
"870","David Paymer","2.73","Actor, Director","57"
"870","Teri Polo","2.73","Actress","43"
"870","David Suchet","2.73","Actor, Producer","66"
"873","David Carradine","2.72","Actor, Composer, Director, Producer, Singer (Cameo), Writer","75"
"873","Martin Freeman","2.72","Actor","40"
"873","Crispin Glover","2.72","Actor, Director, Producer, Singer (Cameo), Writer","48"
"873","Dolph Lundgren","2.72","Actor, Director, Producer, Writer","54"
"873","Kelly Macdonald","2.72","Actress","36"
"873","Gabriel Mann","2.72","Actor, Singer (Cameo)","40"
"873","Sophie Okonedo","2.72","Actress","43"
"873","Imelda Staunton","2.72","Actress","56"
"873","Mary Steenburgen","2.72","Actress","59"
"882","Craig Bierko","2.71","Actor, Stage Performer (Musical)","47"
"882","January Jones","2.71","Actress","34"
"882","Jenny McCarthy","2.71","Actress, Producer, Writer","39"
"885","Dan Fogler","2.70","Actor, Singer (Cameo)","35"
"885","Charlotte Gainsbourg","2.70","Actress, Singer (Cameo)","41"
"885","Scott Glenn","2.70","Actor","71"
"885","David Alan Grier","2.70","Actor, Producer, Singer (Cameo), Writer","57"
"885","Karl Urban","2.70","Actor","40"
"890","Scott Caan","2.69","Actor, Director, Producer, Writer","35"
"890","Haylie Duff","2.69","Actress, Producer, Singer (Cameo)","27"
"890","David Koechner","2.69","Actor, Producer, Singer (Cameo), Writer","49"
"890","Edward James Olmos","2.69","Actor, Composer, Director, Producer","65"
"890","Josh Peck","2.69","Actor, Director, Producer","25"
"895","Kat Dennings","2.68","Actress, Singer (Cameo)","26"
"896","Jason Alexander","2.67","Actor, Director, Producer, Writer","52"
"896","William Baldwin","2.67","Actor","49"
"896","Keisha Castle-Hughes","2.67","Actress","22"
"896","Sean Faris","2.67","Actor, Producer","30"
"896","Alison Lohman","2.67","Actress","32"
"896","Lou Taylor Pucci","2.67","Actor","26"
"896","Greta Scacchi","2.67","Actress","52"
"896","Tom Skerritt","2.67","Actor","78"
"896","Donnie Wahlberg","2.67","Actor","42"
"905","Jennifer Beals","2.66","Actress","48"
"905","Joan Chen","2.66","Actress, Director, Producer, Writer","51"
"905","Rob Corddry","2.66","Actor, Writer","41"
"905","Angus Macfadyen","2.66","Actor, Singer (Cameo)","48"
"905","Amy Sedaris","2.66","Actress, Comedian, Writer","51"
"905","Tom Welling","2.66","Actor","35"
"911","Melissa Leo","2.65","Actress","51"
"911","Rosie Perez","2.65","Actress, Director, Producer, Singer (Cameo)","47"
"911","DMX (Earl Simmons)","2.65","Actor, Composer, Producer, Rapper, Singer (Cameo)","41"
"911","Robin Tunney","2.65","Actress","40"
"911","Rita Wilson","2.65","Actress","55"
"916","Keith Carradine","2.64","Actor, Composer, Producer, Singer, Stage Performer (Musical)","62"
"916","Clifton Collins","2.64","Actor, Producer","42"
"916","Blythe Danner","2.64","Actress","69"
"916","Olympia Dukakis","2.64","Actress, Producer","81"
"916","Robert Hoffman","2.64","Actor, Dancer","31"
"916","Eve (Eve Jihan Jeffers)","2.64","Actress, Musician, Producer, Rapper, Singer","33"
"916","Henry Winkler","2.64","Actor","66"
"923","Justin Bartha","2.63","Actor, Director, Producer, Writer","34"
"923","Faye Dunaway","2.63","Actress, Director, Producer, Writer","71"
"923","Piper Perabo","2.63","Actress","35"
"926","Jacqueline Bisset","2.62","Actress, Producer","67"
"926","Rachael Leigh Cook","2.62","Actress, Producer","32"
"926","Nathan Fillion","2.62","Actor, Singer (Cameo), Writer","41"
"926","Vincent Gallo","2.62","Actor, Director","51"
"926","Mary Stuart Masterson","2.62","Actress, Director, Producer, Writer","46"
"926","Jennifer Westfeldt","2.62","Actress","42"
"926","Ed Westwick","2.62","Actor","25"
"933","Harry Shearer","2.61","Actor, Composer, Director, Producer, Singer (Cameo), Writer","68"
"934","Jesse Bradford","2.60","Actor, Producer","33"
"934","Jennifer Tilly","2.60","Actress","53"
"936","Jordana Brewster","2.59","Actress","32"
"936","Claire Forlani","2.59","Actress, Producer","40"
"936","Marg Helgenberger","2.59","Actress","53"
"936","Jeffrey Tambor","2.59","Actor","68"
"940","Sandrine Bonnaire","2.58","Actress, Director, Writer","45"
"941","Drake Bell","2.57","Actor, Composer, Director, Musician, Producer","26"
"941","Patrick Fugit","2.57","Actor","29"
"941","Alyson Hannigan","2.57","Actress, Singer (Cameo)","38"
"941","Chris Kattan","2.57","Actor, Director, Producer, Singer (Cameo), Writer","41"
"941","Debi Mazar","2.57","Actress","47"
"941","Cybill Shepherd","2.57","Actress, Producer, Writer","62"
"941","Paul Sorvino","2.57","Actor","73"
"948","Michael Angarano","2.56","Actor","24"
"948","Meagan Good","2.56","Actress, Producer","30"
"948","Bryan Greenberg","2.56","Actor, Singer (Cameo)","34"
"951","Elizabeth Berkley","2.55","Actress","39"
"951","Stockard Channing","2.55","Actress, Director, Producer, Singer (Cameo)","68"
"951","Jill Clayburgh","2.55","Actress, Singer (Cameo), Stage Performer (Musical)","68"
"951","Charles S. Dutton","2.55","Actor, Director, Producer, Singer (Cameo)","81"
"951","Dennis Farina","2.55","Actor, Producer","68"
"951","Ginnifer Goodwin","2.55","Actress","34"
"951","Dina Meyer","2.55","Actress","43"
"951","Tom Everett Scott","2.55","Actor","41"
"959","Penn Badgley","2.54","Actor","25"
"959","Lucas Black","2.54","Actor","29"
"959","Xzibit (Alvin Nathaniel Joiner)","2.54","Actor, Director, Producer, Rapper, TV Host","37"
"959","Romany Malco","2.54","Actor, Singer (Cameo)","43"
"959","Neal McDonough","2.54","Actor","46"
"959","Max Minghella","2.54","Actor","26"
"959","Christopher Mintz-Plasse","2.54","Actor","23"
"959","Paula Patton","2.54","Actress, Director, Producer","36"
"959","Columbus Short","2.54","Actor","29"
"959","Jess Weixler","2.54","Actress","31"
"969","Ben Chaplin","2.53","Actor","41"
"969","Elle Fanning","2.53","Actress, Singer (Cameo)","14"
"969","Lukas Haas","2.53","Actor","36"
"969","Don Johnson","2.53","Actor, Composer, Director, Producer, Singer, Writer","62"
"973","Ed Begley","2.52","Actor, Director","62"
"973","Rinko Kikuchi","2.52","Actress","31"
"973","Maura Tierney","2.52","Actress","47"
"976","Idris Elba","2.50","Actor","39"
"976","Peter Facinelli","2.50","Actor","38"
"976","Edward Furlong","2.50","Actor","34"
"976","Luis Guzman","2.50","Actor","55"
"976","Christine Lahti","2.50","Actor, Director, Singer (Cameo)","62"
"976","Bai Ling","2.50","Actress, Producer","41"
"976","Jon Lovitz","2.50","Actor, Singer (Cameo), Writer","55"
"976","Amy Madigan","2.50","Actress, Producer, Singer (Cameo)","61"
"976","Mary McDonnell","2.50","Actress, Singer (Cameo)","60"
"976","Tim McGraw","2.50","Actor, Musician, Producer, Singer, Writer","45"
"986","Mathieu Amalric","2.48","Actor","46"
"986","Fairuza Balk","2.48","Actress","38"
"986","Kyle Chandler","2.48","Actor, Producer","46"
"986","Shannon Elizabeth","2.48","Actress, Producer","38"
"986","Jesse Metcalfe","2.48","Actor","33"
"986","Alex O'Loughlin","2.48","Actor, Producer, Writer","NA"
"986","Zachary Quinto","2.48","Actor","35"
"986","James Van Der Beek","2.48","Actor","35"
"986","Mykelti Williamson","2.48","Actor","54"
"995","Stephen Dorff","2.47","Actor, Producer","38"
"995","Carrie Fisher","2.47","Actress, Producer, Singer (Cameo), Writer","55"
"997","Anna Friel","2.46","Actress","36"
"997","Caroline Goodall","2.46","Actress","52"
"997","Ludivine Sagnier","2.46","Actress, Singer (Cameo)","33"
"1000","Monica Potter","2.45","Actress","41"
"1000","Dylan Walsh","2.45","Actor","48"
"1002","Dana Delany","2.43","Actress, Producer, Singer (Cameo)","56"
"1002","Rutger Hauer","2.43","Actor, Director, Producer, Writer","68"
"1002","Jay Hernandez","2.43","Actor","34"
"1002","Maggie Q","2.43","Actor, Producer","33"
"1002","Dominique Swain","2.43","Actress","31"
"1007","Lauren Ambrose","2.41","Actress","34"
"1007","Eric Balfour","2.41","Actor, Producer","35"
"1007","Jay Baruchel","2.41","Actor, Director, Producer, Writer","30"
"1007","Nikki Blonsky","2.41","Actress, Singer","23"
"1007","Jeremy Davies","2.41","Actor","42"
"1007","Jill Hennessy","2.41","Actress, Director, Producer, Writer","43"
"1007","Penelope Ann Miller","2.41","Actress","48"
"1007","Esai Morales","2.41","Actor, Director, Producer","49"
"1015","Estella Warren","2.40","Actress","33"
"1016","Agnes Bruckner","2.39","Actress","26"
"1016","Joseph Cross","2.39","Actor, Producer","26"
"1016","Eliza Dushku","2.39","Actress, Producer","31"
"1016","Luke Goss","2.39","Actor, Singer","43"
"1016","Shannyn Sossamon","2.39","Actress","33"
"1016","Amber Valletta","2.39","Actress","38"
"1016","Emmanuelle Vaugier","2.39","Actress","36"
"1023","Adewale Akinnuoye-Agbaje","2.38","Actor, Writer","44"
"1023","Jacinda Barrett","2.38","Actress, Model, Reality TV","39"
"1023","Tia Carrere","2.38","Actress, Model, Producer, Singer","45"
"1023","DJ Qualls","2.38","Actor, Producer","34"
"1023","Paul Rodriguez","2.38","Actor, Composer, Director, Producer, Writer","57"
"1028","Roger Bart","2.37","Actor, Stage Performer (Musical), Stage Performer (Play)","49"
"1028","Wes Bentley","2.37","Actor, Producer","33"
"1028","Christian Oliver","2.37","Actor, Producer, Writer","40"
"1028","Jonathan Silverman","2.37","Actor","45"
"1032","James Duval","2.36","Actor","39"
"1032","Bruce McGill","2.36","Actor","62"
"1032","Laurie Metcalf","2.36","Actress","57"
"1032","Lee Pace","2.36","Actor, Singer (Cameo)","33"
"1032","David Wenham","2.36","Actor","46"
"1037","Jason Ritter","2.35","Actor, Producer","32"
"1037","Mimi Rogers","2.35","Actress, Producer","56"
"1037","Saoirse Ronan","2.35","Actress","18"
"1037","Rodrigo Santoro","2.35","Actor","36"
"1037","Wanda Sykes","2.35","Actress","48"
"1042","Jason Behr","2.34","Actor","38"
"1042","Sophia Bush","2.34","Actress","30"
"1042","Andrew McCarthy","2.34","Actor, Director, Producer, Writer","49"
"1042","Ray Park","2.34","Actor","37"
"1042","Harold Perrineau","2.34","Actor, Producer, Singer (Cameo)","48"
"1047","Danny Aiello","2.33","Actor, Director, Producer, Writer","79"
"1047","Bobby Cannavale","2.33","Actor, Singer (Cameo)","41"
"1047","Thomas Dekker","2.33","Actor, Director, Producer, Singer (Cameo), Writer","24"
"1047","C. Thomas Howell","2.33","Actor, Director, Producer, Writer","45"
"1047","Danny Masterson","2.33","Actor, Producer, Singer (Cameo)","36"
"1047","Rob Morrow","2.33","Actor, Director, Producer, Writer","49"
"1053","Lake Bell","2.32","Actress, Writer","33"
"1053","Rory Culkin","2.32","Actor","23"
"1053","Jeff Garlin","2.32","Actor, Director, Producer, Writer","50"
"1053","Regina King","2.32","Actress, Producer","41"
"1057","Ewen Bremner","2.31","Actor","40"
"1057","Hrithik Roshan","2.31","Actor","38"
"1059","F. Murray Abraham","2.30","Actor","72"
"1059","Dylan Baker","2.30","Actor","52"
"1059","Damian Lewis","2.30","Actress, Producer","41"
"1059","Ray Stevenson","2.30","Actor","48"
"1063","Clea DuVall","2.29","Actress","34"
"1063","Ian Hart","2.29","Actor","47"
"1063","Bow Wow (Shad Gregory Lamar Moss)","2.29","Actor, Musician, Rapper","25"
"1063","Max von Sydow","2.29","Actor","83"
"1063","Peter Weller","2.29","Actor","65"
"1068","Kelly Hu","2.28","Actress","44"
"1068","Olga Kurylenko","2.28","Actress, Writer","32"
"1068","Nia Long","2.28","Actress, Singer (Cameo)","41"
"1068","Michael Pitt","2.28","Actor, Musician, Singer (Cameo)","31"
"1068","Marley Shelton","2.28","Actress","38"
"1068","Sela Ward","2.28","Actress","56"
"1074","Jennifer Esposito","2.27","Actress, Singer (Cameo)","39"
"1074","Frances Fisher","2.27","Actress","60"
"1074","Jason Flemyng","2.27","Actor","45"
"1074","Will Forte","2.27","Actor, Producer, Singer (Cameo), Writer","42"
"1074","Sam Riley","2.27","Actor","32"
"1074","Henry Thomas","2.27","Actor","40"
"1080","Rupert Friend","2.26","Actor","NA"
"1080","Dwight Yoakam","2.26","Actor, Musician","55"
"1082","Julie Depardieu","2.25","Actress","39"
"1082","William Fichtner","2.25","Actor","55"
"1082","John Hannah","2.25","Actor, Producer","50"
"1082","Max Thieriot","2.25","Actor","23"
"1086","Maggie Grace","2.24","Actress","28"
"1086","Sam Worthington","2.24","Actor","35"
"1088","Bruce Campbell","2.23","Actor, Director, Producer, Writer","54"
"1088","Embeth Davidtz","2.23","Actress","46"
"1088","Tate Donovan","2.23","Actor, Director","48"
"1088","Leslie Nielsen","2.23","Actor, Producer, Singer (Cameo), Writer","86"
"1092","Ciaran Hinds","2.22","Actor, Singer (Cameo)","59"
"1092","Jane Lynch","2.22","Actress, Musician, Singer (Cameo)","52"
"1092","Samantha Mathis","2.22","Actress, Singer (Cameo)","42"
"1092","Emma Stone","2.22","Actress","23"
"1096","Noah Emmerich","2.21","Actor, Producer","47"
"1096","Anthony Michael Hall","2.21","Actor, Director, Producer, Singer (Cameo)","44"
"1096","Common (Lonnie Rashid Lynn)","2.21","Actor, Musician, Rapper","40"
"1099","Rob Brown","2.20","Actor","NA"
"1099","John Corbett","2.20","Actor","51"
"1099","Chris Eigeman","2.20","Actor, Director, Producer, Singer (Cameo), Writer","47"
"1099","Pras (Prakazrel Samuel Michel)","2.20","Actor, Musician, Producer, Rapper","39"
"1099","Craig Sheffer","2.20","Actor, Director, Producer","52"
"1104","Shohreh Aghdashloo","2.19","Actress, Producer","60"
"1104","Denise Richards","2.19","Actress","41"
"1104","Julian Sands","2.19","Actor","54"
"1107","Gemma Arterton","2.18","Actress","NA"
"1107","Louis Gossett","2.18","Actor, Director, Producer","76"
"1107","Jeremy Renner","2.18","Actor, Singer (Cameo)","41"
"1107","Method Man (Clifford Smith)","2.18","Actor, Director, Producer, Rapper, Writer","41"
"1111","Michael Ian Black","2.17","Actor, Director, Producer, Writer","40"
"1111","Brooke Langton","2.17","Actress, Producer","41"
"1111","James Marsters","2.17","Actor, Singer (Cameo)","49"
"1111","Martha Plimpton","2.17","Actress, Producer, Writer","41"
"1115","Drea de Matteo","2.16","Actress","40"
"1115","Jenna Dewan","2.16","Actress, Dancer, Model","31"
"1115","Lena Headey","2.16","Actress, Singer (Cameo)","38"
"1115","Lance Henriksen","2.16","Actor","72"
"1115","Christopher Masterson","2.16","Actor, Director, Producer","32"
"1115","Mercedes Ruehl","2.16","Actress","64"
"1115","Alicia Witt","2.16","Actress","36"
"1122","Sonia Braga","2.15","Actress, Producer","62"
"1122","Dean Cain","2.15","Director, Producer, Writer","45"
"1122","Emilie de Ravin","2.15","Actress","30"
"1122","Judd Nelson","2.15","Actor, Producer, Writer","52"
"1122","Wallace Shawn","2.15","Actor, Writer","68"
"1122","Fred Ward","2.15","Actor","69"
"1128","Bruce Davison","2.14","Actor, Director, Producer","66"
"1128","Bruce Greenwood","2.14","Actor, Producer","55"
"1128","Anne Heche","2.14","Actress, Director, Producer, Writer","43"
"1128","Stacy Keach","2.14","Actor, Composer, Director, Producer, Writer","71"
"1128","Kristanna Loken","2.14","Actress, Producer","32"
"1128","Bijou Phillips","2.14","Actress, Singer","32"
"1128","Vinessa Shaw","2.14","Actress","36"
"1135","Matthew Marsden","2.13","Actor, Singer","39"
"1135","Leland Orser","2.13","Actor, Director, Writer","51"
"1137","Cole Hauser","2.12","Actor","37"
"1137","Traci Lords","2.12","Actress, Author, Director, Producer, Singer (Cameo), Writer","44"
"1137","Rosamund Pike","2.12","Actress","33"
"1137","Missi Pyle","2.12","Actress","39"
"1141","Joey Lauren Adams","2.10","Actress, Director, Writer","44"
"1141","Moon Bloodgood","2.10","Actress","36"
"1141","Morris Chestnut","2.10","Actor, Producer","43"
"1141","Mark Feuerstein","2.10","Actor","41"
"1141","Elliott Gould","2.10","Actor, Producer, Singer (Cameo)","73"
"1141","Kris Kristofferson","2.10","Actor, Musician","76"
"1141","William Mapother","2.10","Actor, Singer (Cameo)","47"
"1141","Kel Mitchell","2.10","Actor, Composer, Producer, Singer, Writer","33"
"1141","Noah Taylor","2.10","Actor, Musician","42"
"1150","Shemar Moore","2.09","Actor","42"
"1150","Daniel Stern","2.09","Actor","54"
"1150","D.B. Sweeney","2.09","Actor","50"
"1153","Rachel Dratch","2.08","Actress, Producer, Writer","46"
"1153","Melora Hardin","2.08","Actress, Director, Producer, Singer (Cameo)","45"
"1153","Shawn Hatosy","2.08","Actor","36"
"1153","Kelly Lynch","2.08","Actress","53"
"1153","Matthew Macfadyen","2.08","Actor","37"
"1153","Michael Rooker","2.08","Actor, Producer","57"
"1159","Corbin Bleu","2.07","Actor, Dancer, Model, Singer","23"
"1159","Connie Britton","2.07","Actress","45"
"1159","Balthazar Getty","2.07","Actor, Producer","37"
"1159","Barbara Hershey","2.07","Actress","64"
"1159","Alison Pill","2.07","Actress","26"
"1159","Jean Smart","2.07","Actress","60"
"1165","Gabrielle Anwar","2.06","Actress","42"
"1165","Bryan Brown","2.06","Actor, Producer, Writer","65"
"1165","Linda Cardellini","2.06","Actress","37"
"1165","Bill Hader","2.06","Actor, Director, Producer, Singer (Cameo), Writer","34"
"1165","Elias Koteas","2.06","Actor","51"
"1165","Brad Rowe","2.06","Actor, Producer, Writer","42"
"1165","Ben Whishaw","2.06","Actor","31"
"1172","Robert Carradine","2.05","Actor, Director, Producer, Singer (Cameo)","58"
"1172","Heather Matarazzo","2.05","Actress, Singer (Cameo)","29"
"1172","Theresa Russell","2.05","Actress, Singer (Cameo)","55"
"1175","David Cross","2.04","Actor, Director, Producer, Writer","48"
"1175","Hill Harper","2.04","Actor, Producer, Writer","46"
"1175","Natasha Lyonne","2.04","Actress, Producer","33"
"1175","Katharine McPhee","2.04","Actress, Singer","28"
"1179","Laura Prepon","2.03","Actress, Producer, Singer (Cameo)","32"
"1179","Sarah Roemer","2.03","Actress","27"
"1179","Frank Whaley","2.03","Actor","49"
"1182","Terry Crews","2.02","Actor","43"
"1182","Hector Elizondo","2.02","Actor, Director, Producer, Singer (Cameo)","75"
"1182","Kathleen Robertson","2.02","Actress, Producer","39"
"1182","Lindsay Sloane","2.02","Actress","34"
"1186","Samaire Armstrong","2.01","Actress","31"
"1186","Justin Chatwin","2.01","Actor","29"
"1188","Chi McBride","2.00","Actor, Producer","50"
"1188","Katee Sackhoff","2.00","Actress","32"
"1188","Kimberly Williams-Paisley","2.00","Actress","40"
"1191","Michael Biehn","1.99","Actor","55"
"1191","Donald Faison","1.99","Actor, Singer (Cameo)","38"
"1191","Taraji P. Henson","1.99","Actress, Singer (Cameo)","41"
"1191","Ricky Jay","1.99","Actor, Writer","NA"
"1191","Kip Pardue","1.99","Actor, Singer (Cameo), Writer","35"
"1191","Linus Roache","1.99","Actor","48"
"1197","Amber Heard","1.98","Actress","26"
"1197","Breckin Meyer","1.98","Actor, Singer (Cameo), Writer","38"
"1199","Spencer Breslin","1.96","Actor, Producer","20"
"1199","Pell James","1.96","Actress","35"
"1199","Jonathon Schaech","1.96","Actor, Director, Producer, Writer","42"
"1202","Lacey Chabert","1.95","Actress, Singer (Cameo), Stage Performer (Musical), Voice (Animated project)","29"
"1202","Lauren Holly","1.95","Actress, Producer","48"
"1202","John Lone","1.95","Actor, Singer (Cameo)","59"
"1202","Masi Oka","1.95","Actor, Writer","37"
"1202","Zoe Saldana","1.95","Actress","34"
"1207","Billy Boyd","1.94","Actor, Musician, Singer","43"
"1207","Kick Gurry","1.94","Actor","34"
"1207","Peter Mullan","1.94","Actor, Director, Producer, Singer (Cameo), Writer","52"
"1207","Ione Skye","1.94","Actress","41"
"1211","Mo'Nique (Monique Imes)","1.93","Actress, Producer, Writer","44"
"1211","Maya Rudolph","1.93","Actress, Comedian","40"
"1213","Omarion Grandberry","1.92","Actor, Musician, Producer, Singer","27"
"1214","Stephen Baldwin","1.91","Actor, Director, Producer","46"
"1214","Rebecca Gayheart","1.91","Actress, Director","40"
"1214","Philip Baker Hall","1.91","Actor","80"
"1214","Ed Helms","1.91","Actor, Singer (Cameo), Writer","38"
"1214","Jason London","1.91","Actor, Producer","39"
"1214","Tim Matheson","1.91","Actor, Director, Producer","64"
"1214","Michael Rapaport","1.91","Actor, Director, Producer","42"
"1221","John Michael Higgins","1.90","Actor","49"
"1221","Nicky Katt","1.90","Actor, Producer","42"
"1221","David Krumholtz","1.90","Actor, Producer","34"
"1221","Bokeem Woodbine","1.90","Actor","39"
"1225","Daniel Baldwin","1.89","Actor, Director, Producer","51"
"1225","Adam Beach","1.89","Actor, Producer","39"
"1225","Bruce Dern","1.89","Actor","76"
"1225","Robin Givens","1.89","Actress","47"
"1225","Mariel Hemingway","1.89","Actress, Producer","50"
"1225","Nicole Ari Parker","1.89","Actress","41"
"1225","Amanda Plummer","1.89","Actress","55"
"1225","Courtney B. Vance","1.89","Actor, Producer","52"
"1233","Sally Hawkins","1.88","Actress, Writer","36"
"1233","Annabella Sciorra","1.88","Actress, Producer","52"
"1233","Rachael Taylor","1.88","Actress","28"
"1233","Mary Elizabeth Winstead","1.88","Actress","27"
"1237","Sean Patrick Flanery","1.87","Actor, Director, Producer, Singer (Cameo)","46"
"1237","Pam Grier","1.87","Actress, Singer (Cameo)","63"
"1237","Danielle Panabaker","1.87","Actress, Producer","24"
"1240","Jeremy London","1.86","Actor, Director, Producer, Writer","39"
"1241","Rashida Jones","1.85","Actress, Producer, Singer (Cameo)","36"
"1242","Ruby Dee","1.84","Actress, Producer, Singer (Cameo), Writer","87"
"1243","Hayley Atwell","1.83","Actress","30"
"1243","Bill Duke","1.83","Actor, Director, Producer, Writer","69"
"1243","Victor Garber","1.83","Actor, Singer (Cameo)","63"
"1246","Azura Skye","1.82","Actress","30"
"1246","Bridgette Wilson-Sampras","1.82","Actress","38"
"1248","Jordan Ladd","1.81","Actress","37"
"1248","James Remar","1.81","Actor","58"
"1250","Lolita Davidovich","1.80","Actress","51"
"1250","Ron Eldard","1.80","Actor","47"
"1250","Terry O'Quinn","1.80","Actor","60"
"1250","Jason Sudeikis","1.80","Actor, Writer","36"
"1254","Richard Griffiths","1.79","Actor","64"
"1255","Tim Curry","1.78","Actor, Producer, Stage Performer (Musical), Stage Performer (Play)","66"
"1255","Minka Kelly","1.78","Actress","32"
"1255","Jayma Mays","1.78","Actress","33"
"1255","Isaiah Washington","1.78","Actor","48"
"1259","Oliver Hudson","1.77","Actor, Producer","35"
"1259","Lambert Wilson","1.77","Actor","53"
"1261","Jeff Fahey","1.76","Actor, Producer","59"
"1261","Ian Somerhalder","1.76","Actor","33"
"1261","Katharine Towne","1.76","Actress","34"
"1261","Olivia Williams","1.76","Actress","43"
"1265","Scott Porter","1.75","Actor","33"
"1266","Jane Alexander","1.74","Actress, Producer","72"
"1266","Tatyana Ali","1.74","Actress, Musician","33"
"1266","Frances Conroy","1.74","Actress","58"
"1266","Kim Raver","1.74","Actress","43"
"1270","Anne Archer","1.73","Actress","64"
"1271","Oded Fehr","1.72","Actor","41"
"1272","Robert Forster","1.70","Actor, Director, Producer","71"
"1272","Mia Kirshner","1.70","Actress","37"
"1272","Michael Pare","1.70","Actor, Producer, Singer (Cameo)","53"
"1275","Kathy Baker","1.69","Actress","62"
"1276","Rebecca Pidgeon","1.68","Actress, Composer, Singer (Cameo), Writer","46"
"1277","Julie Benz","1.67","Actress","40"
"1277","Alice Braga","1.67","Actress","29"
"1277","Beverly D'Angelo","1.67","Actress, Producer, Singer (Cameo)","60"
"1277","Evan Handler","1.67","Actor","51"
"1277","Chris Messina","1.67","Actor","37"
"1282","Harland Williams","1.66","Actor, Comedian","49"
"1283","Steven Bauer","1.65","Actor, Producer","55"
"1283","Lizzy Caplan","1.65","Actress","30"
"1283","Troy Garity","1.65","Actor, Producer","39"
"1283","Q'Orianka Kilcher","1.65","Actor, Producer, Singer (Cameo)","22"
"1283","James LeGros","1.65","Actor, Singer (Cameo)","50"
"1283","Larry Miller","1.65","Actor, Producer, Writer","58"
"1289","Jason Lewis","1.64","Actor, Model","41"
"1289","Michael Stahl-David","1.64","Actor","29"
"1291","Hal Holbrook","1.63","Actor, Director, Writer","87"
"1291","David Keith","1.63","Actor, Director, Producer","58"
"1291","Justin Kirk","1.63","Actor","43"
"1291","Arnold Vosloo","1.63","Actor","50"
"1295","Garrett Hedlund","1.62","Actor","27"
"1295","Krysten Ritter","1.62","Actress, Model","NA"
"1297","Devon Aoki","1.61","Actress","29"
"1297","Matthew Davis","1.61","Actor","34"
"1299","Kevin Nealon","1.60","Actor, Singer (Cameo), Writer","58"
"1299","Tara Reid","1.60","Actress, Producer","36"
"1299","Rick Yune","1.60","Actor","40"
"1299","Ayelet Zurer","1.60","Actress","43"
"1303","Mia Maestro","1.59","Actress, Singer (Cameo)","34"
"1304","Sophia Myles","1.58","Actress","32"
"1304","Chandra West","1.58","Actress","41"
"1304","Malik Yoba","1.58","Actor, Musician","44"
"1307","Laetitia Casta","1.57","Actress, Model","34"
"1307","Keith David","1.57","Actor, Producer, Singer (Cameo), Stage Performer (Musical), Stage Performer (Play)","56"
"1307","Alex Kingston","1.57","Actress","49"
"1307","Chris Marquette","1.57","Actor","27"
"1307","AnnaSophia Robb","1.57","Actress, Singer (Cameo)","18"
"1307","Bitsie Tulloch","1.57","Actress","31"
"1307","Alexa Vega","1.57","Actress","23"
"1314","Sarah Paulson","1.56","Actress","37"
"1315","Briana Evigan","1.55","Actress, Dancer, Musician, Singer","25"
"1315","Amy Irving","1.55","Actress, Producer","58"
"1317","Taylor Kitsch","1.53","Actor","31"
"1317","Diane Ladd","1.53","Actress, Director, Producer, Writer","79"
"1317","Joshua Leonard","1.53","Actor, Director, Singer (Cameo), Writer","37"
"1317","Miranda Otto","1.53","Actress, Singer (Cameo)","44"
"1317","Richard Schiff","1.53","Actor, Director","57"
"1322","Gary Busey","1.52","Actor, Composer, Producer, Singer (Cameo)","68"
"1322","Sydney Tamiia Poitier","1.52","Actress","38"
"1324","Ernie Hudson","1.51","Actor, Producer","66"
"1325","Sienna Guillory","1.50","Actress","37"
"1325","Rachel Nichols","1.50","Actress","32"
"1325","Eddie Kaye Thomas","1.50","Actor","31"
"1328","Rumer Willis","1.49","Actress","23"
"1329","Shawn Ashmore","1.48","Actor, Producer","32"
"1329","Ashton Holmes","1.48","Actor","34"
"1329","Edgar Ramirez","1.48","Actor","35"
"1332","Kimberly Elise","1.47","Actress","45"
"1333","Fred Armisen","1.46","Actor","45"
"1334","Judah Friedlander","1.45","Actor, Comedian","43"
"1335","Erica Leerhsen","1.44","Actress","36"
"1335","Vanessa Lengies","1.44","Actress, Singer (Cameo)","27"
"1335","William Sadler","1.44","Actor, Director, Singer (Cameo)","62"
"1338","Romola Garai","1.43","Actress","29"
"1338","Demetri Martin","1.43","Actor, Comedian, Producer, Writer","39"
"1338","Stephen Root","1.43","Actor","60"
"1338","Denzel Whitaker","1.43","Actor","22"
"1342","Jack McBrayer","1.42","Actor, Singer (Cameo)","39"
"1342","Anika Noni Rose","1.42","Actress, Singer (Cameo)","39"
"1342","Bonnie Somerville","1.42","Actress","38"
"1345","Greg Germann","1.41","Actor, Director","54"
"1345","Christopher McDonald","1.41","Actor","57"
"1347","Amanda Detmer","1.40","Actress","40"
"1347","Colm Feore","1.40","Actor","53"
"1347","Peter Greene","1.40","Actor, Producer","46"
"1350","Cameron Bright","1.39","Actor","19"
"1350","Edi Gathegi","1.39","Actor","33"
"1350","Thomas Ian Nicholas","1.39","Actor, Director, Musician, Producer, Writer","32"
"1350","Mae Whitman","1.39","Actress","24"
"1354","Jake Busey","1.38","Actor, Musician, Producer","41"
"1355","Erica Durance","1.37","Actress","34"
"1356","Willie Garson","1.36","Actor","48"
"1356","Zach Gilford","1.36","Actor","30"
"1356","Eric Christian Olsen","1.36","Actor, Singer (Cameo)","35"
"1359","Brooke Burns","1.35","Actress, Model","34"
"1359","Steve Guttenberg","1.35","Actor, Director, Producer, Singer (Cameo), Writer","53"
"1359","Anthony Mackie","1.35","Actor","32"
"1362","Tony Hale","1.33","Actor","41"
"1363","Summer Glau","1.31","Actress","31"
"1364","Sarah Bolger","1.29","Actress","21"
"1364","Arielle Kebbel","1.29","Actress","27"
"1364","Michael York","1.29","Actor","70"
"1367","Jessica Lucas","1.28","Actress","26"
"1367","Adam Scott","1.28","Actor, Producer","39"
"1369","William Forsythe","1.27","Actor, Producer, Writer","57"
"1370","Josh Hutcherson","1.26","Actor","19"
"1371","Naomie Harris","1.24","Actress","35"
"1371","Sally Kirkland","1.24","Actress, Director, Producer","70"
"1371","Dakota Blue Richards","1.24","Actress","18"
"1374","Kathleen Quinlan","1.23","Actress","57"
"1375","Billy Dee Williams","1.22","Actor","75"
"1376","Will.i.Am (William Adams)","1.21","Actor, Dancer, Musician, Rapper, Voice (Animated project)","37"
"1376","Scout Taylor-Compton","1.21","Actor","23"
"1378","Clancy Brown","1.19","Actor, Producer, Singer (Cameo)","53"
"1378","Sara Paxton","1.19","Actress, Singer","24"
"1378","Joanne Whalley","1.19","Actress","47"
"1381","Ashley Scott","1.18","Actress","35"
"1381","Kevin Zegers","1.18","Actor","27"
"1383","Gil Bellows","1.17","Actor, Producer","45"
"1383","Jurnee Smollett","1.17","Actress","25"
"1385","Karen Allen","1.16","Actress, Musician, Writer","60"
"1385","Brady Corbet","1.16","Actor","23"
"1385","Laura Ramsey","1.16","Actress","29"
"1388","Melonie Diaz","1.14","Actress","28"
"1388","Mary Lynn Rajskub","1.14","Actor, Singer (Cameo), Writer","41"
"1390","Odette Yustman","1.13","Actress","27"
"1391","Cameron Richardson","1.11","Actor","32"
"1392","Busy Philipps","1.10","Actress, Singer (Cameo), Writer","33"
"1393","Nathan Corddry","1.05","Actor","34"
"1394","Lynn Collins","1.04","Actress","33"
"1395","Kathryn Hahn","1.03","Actress","38"
"1396","Josh Flitter","1.02","Actor","17"
"1396","Zoe Kravitz","1.02","Actress","23"
"1398","Alexie Gilmore","1.01","Actress","NA"
"1399","Mike Vogel","1.00","Actor, Model","33"
"1400","Jensen Ackles","0.95","Actor, Producer","34"
